{
    "degree": {
        "mogan": 0.273057259772471,
        "ours": 0.21333518822700817
    },
    "flux": {
        "mogan": 2.193216472601183,
        "ours": 2.300041585950126
    }
}