{
    "data_dir": "data",
    "name": "topo_flux",
    "reps": 1,
    "save_data": 1,
    "plot_data": 1,
    "tracking_frequency": 2,
    "track_diversity_over": ["connectance", "variance_positive_interactions_strength"],
    "weight_range": [0,327],
    "sparsity": 5,
    "network_size": 64,
    "num_generations": 130,
    "popsize": 100,
    "population_file" : "data/preprocessed/normalized_population_BikeCHI.pkl",
    "age_gap": 20,
    "mutation_rate": 0.05,
    "mutation_odds": [1,2,1,2],
    "crossover_odds": [1,2,2],
    "crossover_rate": 0.6,
    "tournament_probability": 0.25,
    "eps": 0.75,
    "eval_funcs": {
        "topology": {
            "target": 0.014828209427602617,
            "range": 0.012900192076739168
        },
        "flux": {
        "target": [
            32.635014067250715,
            5.851029168077047,
            3.007742454238431,
            1.8833308545150942,
            1.2244851518475275,
            0.9480389685273156,
            0.749822045734384,
            0.6428221093888374,
            0.44470496167113616,
            0.36195697803549803,
            0.3752279865477153,
            0.2639492280163076,
            0.2371443609963379,
            0.19092829278149362,
            0.1828141589601216,
            0.15626666500287986,
            0.13615062579382592,
            0.1195150358187625,
            0.1105431689396181,
            0.10070514514814746,
            0.0915886871678602,
            0.09304596019740351,
            0.07502624431580575,
            0.07245939669721586,
            0.05951868957600685,
            0.06418788940821538,
            0.04946788700840417,
            0.0375083508291488,
            0.045617674201388916,
            0.02760686421886048,
            0.03493745128650848,
            0.025958164609009206,
            0.025085661643524573,
            0.021574303816362734,
            0.021258400215689026,
            0.021866305793352313,
            0.017692138826509454,
            0.016115754270062586,
            0.013147996716640803,
            0.016108335461053946,
            0.012603170101004382,
            0.011025643460548056,
            0.009188664508880845,
            0.009527153692753672,
            0.007644764619782153,
            0.007150058817536716,
            0.0062989335465246645,
            0.005434695627648785,
            0.004825151795918523,
            0.09163241144584078
            ],
        "range": [
            4.461817393257405,
            2.183769128537494,
            1.8433659684896153,
            1.5884579826991547,
            0.9698793903419183,
            0.8875860136632886,
            0.7510269835919391,
            0.8499759719616109,
            0.4783334240581526,
            0.37054087212067044,
            0.47209285436654636,
            0.2902699262643394,
            0.33652072468183913,
            0.2698895583984774,
            0.3888156730865368,
            0.22817847098058533,
            0.2285472749428058,
            0.17325951201964693,
            0.17604353652031893,
            0.15099654815949956,
            0.13587989419126303,
            0.15984388719053783,
            0.12012618074995539,
            0.11930479534891932,
            0.12561431493943967,
            0.11589547710754569,
            0.09143987458174166,
            0.0687246246536062,
            0.11311282571777917,
            0.056573032980592616,
            0.07488051225435081,
            0.08144106750976725,
            0.06132478293471388,
            0.06252696640722678,
            0.054242436383431826,
            0.0831468576380716,
            0.048385790584796265,
            0.042841769266358506,
            0.03611164032955904,
            0.04509122062607404,
            0.05688435858115428,
            0.04531335999015189,
            0.04031538091808344,
            0.04864134879931681,
            0.027460867020367256,
            0.03362175557944988,
            0.028114513891770904,
            0.024654997705392104,
            0.020263961535304922,
            0.06462014052250598
            ]
        }
    }
}