{
    "data_dir": "data",
    "name": "deg_only_high_popsize_age_gap",
    "reps": 2,
    "save_data": 1,
    "plot_data": 1,
    "tracking_frequency": 2,
    "track_diversity_over": ["connectance", "variance_positive_interactions_strength"],
    "weight_range": [0,327],
    "sparsity": 3,
    "network_size": 64,
    "num_generations": 200,
    "popsize": 240,
    "population_file" : "data/preprocessed/normalized_population_BikeCHI.pkl",
    "age_gap": 70,
    "mutation_rate": 0.05,
    "mutation_odds": [1,2,1,2],
    "crossover_odds": [1,2,2],
    "crossover_rate": 0.6,
    "tournament_probability": 0.25,
    "eval_funcs": {
        "degree_distribution": {
            "target": [
                0.19321489726027397,
                0.02594178082191781,
                0.026840753424657533,
                0.023116438356164382,
                0.02089041095890411,
                0.018878424657534247,
                0.017251712328767124,
                0.017722602739726027,
                0.016138698630136988,
                0.015517979452054794,
                0.014790239726027398,
                0.014362157534246576,
                0.015089897260273972,
                0.015132705479452054,
                0.014747431506849314,
                0.014426369863013698,
                0.01466181506849315,
                0.014897260273972602,
                0.015132705479452054,
                0.014704623287671232,
                0.01523972602739726,
                0.01502568493150685,
                0.015111301369863014,
                0.014212328767123288,
                0.013955479452054794,
                0.014811643835616438,
                0.014597602739726028,
                0.014212328767123288,
                0.01444777397260274,
                0.012542808219178083,
                0.01389126712328767,
                0.012221746575342465,
                0.011922089041095891,
                0.012585616438356165,
                0.012649828767123287,
                0.011857876712328767,
                0.011087328767123287,
                0.011279965753424657,
                0.011279965753424657,
                0.011194349315068493,
                0.011772260273972603,
                0.010659246575342465,
                0.010445205479452055,
                0.01055222602739726,
                0.008925513698630138,
                0.00860445205479452,
                0.009503424657534247,
                0.00800513698630137,
                0.007769691780821918,
                0.008690068493150686,
                0.007127568493150685,
                0.007684075342465753,
                0.0060145547945205475,
                0.0061857876712328765,
                0.006078767123287671,
                0.005500856164383562,
                0.004666095890410959,
                0.004280821917808219,
                0.004152397260273973,
                0.003424657534246575,
                0.004130993150684932,
                0.0035316780821917806,
                0.0032962328767123287,
                0.004152397260273973,
                0.0035102739726027396,
                0.0037029109589041096,
                0.0027611301369863013,
                0.002889554794520548,
                0.0029109589041095892,
                0.002418664383561644,
                0.0028681506849315068,
                0.0020761986301369864,
                0.0020976027397260275,
                0.0020976027397260275,
                0.0018621575342465753,
                0.0017337328767123288,
                0.0021404109589041095,
                0.0014982876712328766,
                0.0014126712328767124,
                0.0013912671232876712,
                0.001091609589041096,
                0.001305650684931507,
                0.0012414383561643837,
                0.0008561643835616438,
                0.0009417808219178083,
                0.0008347602739726028,
                0.0008775684931506849,
                0.0008133561643835617,
                0.0005351027397260274,
                0.0004922945205479452,
                0.0003210616438356164,
                0.00019263698630136986,
                0.00019263698630136986,
                8.561643835616438e-05,
                6.421232876712328e-05,
                4.280821917808219e-05,
                0.0,
                0.0,
                0.0,
                0.0,
                0.0,
                0.0,
                0.0,
                0.0,
                0.0,
                0.0,
                0.0,
                0.0,
                0.0,
                0.0,
                0.0,
                0.0,
                0.0,
                0.0,
                0.0,
                0.0,
                0.0,
                0.0,
                0.0,
                0.0,
                0.0,
                0.0,
                0.0,
                0.0,
                0.0,
                0.0,
                0.0,
                0.0,
                0.0
            ],