{
    "data_dir": "data",
    "name": "sample",
    "reps": 3,
    "save_data": 1,
    "plot_data": 1,
    "tracking_frequency": 2,
    "track_diversity_over": [
        "connectance",
        "variance_positive_interactions_strength"
    ],
    "weight_range": [
        0,
        327
    ],
    "network_size": 64,
    "num_generations": 50,
    "popsize": 100,
    "population_file": "data/preprocessed/normalized_population_BikeCHI.pkl",
    "age_gap": 100,
    "mutation_rate": 0.05,
    "mutation_odds": [
        1,
        2,
        1,
        2
    ],
    "crossover_odds": [
        1,
        2,
        2
    ],
    "crossover_rate": 0.6,
    "tournament_probability": 0.25,
    "eval_funcs": {
        "in_degree_distribution": {
            "target": [
                0.21744434931506848,
                0.05004280821917808,
                0.03966181506849315,
                0.03501712328767123,
                0.031892123287671235,
                0.02985873287671233,
                0.02925941780821918,
                0.026862157534246575,
                0.02908818493150685,
                0.028446061643835615,
                0.028146404109589043,
                0.02829623287671233,
                0.027868150684931505,
                0.027311643835616437,
                0.02613441780821918,
                0.02557791095890411,
                0.02562071917808219,
                0.025278253424657535,
                0.023801369863013698,
                0.023587328767123286,
                0.022388698630136986,
                0.02129708904109589,
                0.019071061643835617,
                0.017701198630136986,
                0.017144691780821918,
                0.015111301369863014,
                0.013334760273972603,
                0.011408390410958905,
                0.010809075342465753,
                0.009011130136986302,
                0.008133561643835616,
                0.006635273972602739,
                0.006977739726027397,
                0.0058647260273972605,
                0.004944349315068493,
                0.005201198630136987,
                0.004366438356164384,
                0.004452054794520548,
                0.0029965753424657533,
                0.0027611301369863013,
                0.002675513698630137,
                0.0019477739726027397,
                0.001605308219178082,
                0.0014340753424657534,
                0.0013484589041095891,
                0.0008347602739726028,
                0.0007705479452054794,
                0.00036386986301369865,
                0.00012842465753424656,
                6.421232876712328e-05,
                0.0,
                2.1404109589041096e-05,
                0.0,
                0.0,
                0.0,
                0.0,
                0.0,
                0.0,
                0.0,
                0.0,
                0.0,
                0.0,
                0.0,
                0.0,
                0.0
            ],
            "range": [
                0.05178321230671814,
                0.03574291480212922,
                0.02839851089743661,
                0.0252182198202531,
                0.023849595742213202,
                0.021786240000517588,
                0.02114701113560194,
                0.020161546463261466,
                0.02153777825315877,
                0.020178627113726876,
                0.020382343619389974,
                0.021513589871635732,
                0.01931756168330397,
                0.02055735194214338,
                0.020452396730556214,
                0.020321564839339255,
                0.019867591528596726,
                0.019580361995832286,
                0.01983268342982327,
                0.020661297294173316,
                0.019909319916544464,
                0.019771014377258686,
                0.019088446060817697,
                0.019372090884604384,
                0.018434257541426243,
                0.017966757994334562,
                0.01655329406166175,
                0.01483261553264832,
                0.01372978117440563,
                0.012593349391405903,
                0.011994707179768572,
                0.010479273685696563,
                0.010607113116125683,
                0.009416932555803736,
                0.008957281022134266,
                0.009035500916756709,
                0.008977588838646465,
                0.0091206625583807,
                0.007109902672431372,
                0.00679859349803751,
                0.006684287872271933,
                0.005714897260273982,
                0.005403212997159403,
                0.004798579877087545,
                0.004753495669917862,
                0.003513730861323758,
                0.0034806530899578157,
                0.0023564942886371417,
                0.0014107240627811637,
                0.000999597125756466,
                0.0,
                0.0005779109589041123,
                0.0,
                0.0,
                0.0,
                0.0,
                0.0,
                0.0,
                0.0,
                0.0,
                0.0,
                0.0,
                0.0,
                0.0,
                0.0
            ]
        }
    }
}