{
    "flux": {
        "mean": [
            8.919699860250002,
            0.630286309440687,
            0.24967062449714206,
            0.1247755971746612,
            0.07722452519595409,
            0.04598087566575404,
            0.025768818272312418,
            0.01695609646129329,
            0.010027889028824339,
            0.023068250246693903
        ],
        "std": [
            0.4930087147621147,
            0.29624628616188237,
            0.1682973175041431,
            0.09768952331509301,
            0.05901691786289592,
            0.04566170515116101,
            0.03263656776352058,
            0.024799031984751637,
            0.020031027015730077,
            0.018044897234133567
        ]
    }
}