{"degree": {"mogan": 0.273057259772471, "ours": 0.21463934741837726}, "flux": {"mogan": 2.193216472601183, "ours": 2.2307268686051733}}