{
    "degree": {
        "mogan": 0.273057259772471,
        "ours": 0.20171609584742023
    },
    "flux": {
        "mogan": 2.193216472601183,
        "ours": 2.2307268686051733
    }
}